USE [BalancingDb]

GO
SET IDENTITY_INSERT [balancing].[Journals] ON 
GO
INSERT [balancing].[Journals] ([Id], [Name], [CreationTimestamp]) VALUES (2, NULL, CAST(N'2022-03-04T12:48:13.0325845' AS DateTime2))
GO
INSERT [balancing].[Journals] ([Id], [Name], [CreationTimestamp]) VALUES (3, NULL, CAST(N'2022-03-04T12:48:22.3433878' AS DateTime2))
GO
INSERT [balancing].[Journals] ([Id], [Name], [CreationTimestamp]) VALUES (4, NULL, CAST(N'2022-03-04T12:48:42.2120617' AS DateTime2))
GO
INSERT [balancing].[Journals] ([Id], [Name], [CreationTimestamp]) VALUES (5, NULL, CAST(N'2022-03-04T12:48:52.9093828' AS DateTime2))
GO
INSERT [balancing].[Journals] ([Id], [Name], [CreationTimestamp]) VALUES (6, NULL, CAST(N'2022-03-04T12:48:52.9093828' AS DateTime2))
GO
INSERT [balancing].[Journals] ([Id], [Name], [CreationTimestamp]) VALUES (7, NULL, CAST(N'2022-03-04T12:48:52.9093828' AS DateTime2))
GO
INSERT [balancing].[Journals] ([Id], [Name], [CreationTimestamp]) VALUES (8, NULL, CAST(N'2022-03-04T12:48:52.9093828' AS DateTime2))
GO
INSERT [balancing].[Journals] ([Id], [Name], [CreationTimestamp]) VALUES (9, NULL, CAST(N'2022-03-04T12:48:52.9093828' AS DateTime2))
GO
INSERT [balancing].[Journals] ([Id], [Name], [CreationTimestamp]) VALUES (10, NULL, CAST(N'2022-03-04T12:48:52.9093828' AS DateTime2))
GO
INSERT [balancing].[Journals] ([Id], [Name], [CreationTimestamp]) VALUES (11, NULL, CAST(N'2022-03-04T12:48:52.9093828' AS DateTime2))
GO
INSERT [balancing].[Journals] ([Id], [Name], [CreationTimestamp]) VALUES (12, NULL, CAST(N'2022-03-04T12:48:52.9093828' AS DateTime2))
GO
INSERT [balancing].[Journals] ([Id], [Name], [CreationTimestamp]) VALUES (13, NULL, CAST(N'2022-03-04T12:48:52.9093828' AS DateTime2))
GO
INSERT [balancing].[Journals] ([Id], [Name], [CreationTimestamp]) VALUES (14, NULL, CAST(N'2022-03-04T12:48:52.9093828' AS DateTime2))
GO
INSERT [balancing].[Journals] ([Id], [Name], [CreationTimestamp]) VALUES (15, NULL, CAST(N'2022-03-04T12:49:27.5901510' AS DateTime2))
GO
INSERT [balancing].[Journals] ([Id], [Name], [CreationTimestamp]) VALUES (16, NULL, CAST(N'2022-03-04T12:49:27.5901510' AS DateTime2))
GO
INSERT [balancing].[Journals] ([Id], [Name], [CreationTimestamp]) VALUES (17, NULL, CAST(N'2022-03-04T12:49:27.5901510' AS DateTime2))
GO
INSERT [balancing].[Journals] ([Id], [Name], [CreationTimestamp]) VALUES (18, NULL, CAST(N'2022-03-04T12:49:27.5901510' AS DateTime2))
GO
INSERT [balancing].[Journals] ([Id], [Name], [CreationTimestamp]) VALUES (19, NULL, CAST(N'2022-03-04T12:49:27.5901510' AS DateTime2))
GO
INSERT [balancing].[Journals] ([Id], [Name], [CreationTimestamp]) VALUES (20, NULL, CAST(N'2022-03-04T12:49:27.5901510' AS DateTime2))
GO
INSERT [balancing].[Journals] ([Id], [Name], [CreationTimestamp]) VALUES (21, NULL, CAST(N'2022-03-04T12:49:27.5901510' AS DateTime2))
GO
INSERT [balancing].[Journals] ([Id], [Name], [CreationTimestamp]) VALUES (22, NULL, CAST(N'2022-03-04T12:49:27.5901510' AS DateTime2))
GO
INSERT [balancing].[Journals] ([Id], [Name], [CreationTimestamp]) VALUES (23, NULL, CAST(N'2022-03-04T12:49:27.5901510' AS DateTime2))
GO
INSERT [balancing].[Journals] ([Id], [Name], [CreationTimestamp]) VALUES (24, NULL, CAST(N'2022-03-04T12:49:27.5901510' AS DateTime2))
GO
INSERT [balancing].[Journals] ([Id], [Name], [CreationTimestamp]) VALUES (25, NULL, CAST(N'2022-03-04T12:50:08.1917162' AS DateTime2))
GO
INSERT [balancing].[Journals] ([Id], [Name], [CreationTimestamp]) VALUES (26, NULL, CAST(N'2022-03-04T12:50:49.7367592' AS DateTime2))
GO
INSERT [balancing].[Journals] ([Id], [Name], [CreationTimestamp]) VALUES (27, NULL, CAST(N'2022-03-04T12:51:05.8301958' AS DateTime2))
GO
INSERT [balancing].[Journals] ([Id], [Name], [CreationTimestamp]) VALUES (28, NULL, CAST(N'2022-03-04T12:51:05.8301958' AS DateTime2))
GO
INSERT [balancing].[Journals] ([Id], [Name], [CreationTimestamp]) VALUES (29, NULL, CAST(N'2022-03-04T12:51:05.8301958' AS DateTime2))
GO
INSERT [balancing].[Journals] ([Id], [Name], [CreationTimestamp]) VALUES (30, NULL, CAST(N'2022-03-04T12:51:05.8301958' AS DateTime2))
GO
INSERT [balancing].[Journals] ([Id], [Name], [CreationTimestamp]) VALUES (31, NULL, CAST(N'2022-03-04T12:51:05.8301958' AS DateTime2))
GO
INSERT [balancing].[Journals] ([Id], [Name], [CreationTimestamp]) VALUES (32, NULL, CAST(N'2022-03-04T12:51:05.8301958' AS DateTime2))
GO
INSERT [balancing].[Journals] ([Id], [Name], [CreationTimestamp]) VALUES (33, NULL, CAST(N'2022-03-04T12:51:05.8301958' AS DateTime2))
GO
INSERT [balancing].[Journals] ([Id], [Name], [CreationTimestamp]) VALUES (34, NULL, CAST(N'2022-03-04T12:51:05.8301958' AS DateTime2))
GO
INSERT [balancing].[Journals] ([Id], [Name], [CreationTimestamp]) VALUES (35, NULL, CAST(N'2022-03-04T12:51:05.8301958' AS DateTime2))
GO
INSERT [balancing].[Journals] ([Id], [Name], [CreationTimestamp]) VALUES (36, NULL, CAST(N'2022-03-04T12:51:05.8301958' AS DateTime2))
GO
INSERT [balancing].[Journals] ([Id], [Name], [CreationTimestamp]) VALUES (37, NULL, CAST(N'2022-03-04T12:51:36.8344917' AS DateTime2))
GO
INSERT [balancing].[Journals] ([Id], [Name], [CreationTimestamp]) VALUES (38, NULL, CAST(N'2022-03-04T12:51:36.8344917' AS DateTime2))
GO
INSERT [balancing].[Journals] ([Id], [Name], [CreationTimestamp]) VALUES (39, NULL, CAST(N'2022-03-04T12:51:36.8344917' AS DateTime2))
GO
INSERT [balancing].[Journals] ([Id], [Name], [CreationTimestamp]) VALUES (40, NULL, CAST(N'2022-03-04T12:51:36.8344917' AS DateTime2))
GO
INSERT [balancing].[Journals] ([Id], [Name], [CreationTimestamp]) VALUES (41, NULL, CAST(N'2022-03-04T12:51:36.8344917' AS DateTime2))
GO
INSERT [balancing].[Journals] ([Id], [Name], [CreationTimestamp]) VALUES (42, NULL, CAST(N'2022-03-04T12:51:36.8344917' AS DateTime2))
GO
INSERT [balancing].[Journals] ([Id], [Name], [CreationTimestamp]) VALUES (43, NULL, CAST(N'2022-03-04T12:51:36.8344917' AS DateTime2))
GO
INSERT [balancing].[Journals] ([Id], [Name], [CreationTimestamp]) VALUES (44, NULL, CAST(N'2022-03-04T12:51:36.8344917' AS DateTime2))
GO
INSERT [balancing].[Journals] ([Id], [Name], [CreationTimestamp]) VALUES (45, NULL, CAST(N'2022-03-04T12:51:36.8344917' AS DateTime2))
GO
INSERT [balancing].[Journals] ([Id], [Name], [CreationTimestamp]) VALUES (46, NULL, CAST(N'2022-03-04T12:51:36.8344917' AS DateTime2))
GO
INSERT [balancing].[Journals] ([Id], [Name], [CreationTimestamp]) VALUES (47, NULL, CAST(N'2022-03-04T12:52:37.8740285' AS DateTime2))
GO
INSERT [balancing].[Journals] ([Id], [Name], [CreationTimestamp]) VALUES (48, NULL, CAST(N'2022-03-04T12:52:46.2143996' AS DateTime2))
GO
INSERT [balancing].[Journals] ([Id], [Name], [CreationTimestamp]) VALUES (49, NULL, CAST(N'2022-03-04T12:52:46.2143996' AS DateTime2))
GO
INSERT [balancing].[Journals] ([Id], [Name], [CreationTimestamp]) VALUES (50, NULL, CAST(N'2022-03-04T12:52:46.2143996' AS DateTime2))
GO
INSERT [balancing].[Journals] ([Id], [Name], [CreationTimestamp]) VALUES (51, NULL, CAST(N'2022-03-04T12:52:46.2143996' AS DateTime2))
GO
INSERT [balancing].[Journals] ([Id], [Name], [CreationTimestamp]) VALUES (52, NULL, CAST(N'2022-03-04T12:52:46.2143996' AS DateTime2))
GO
INSERT [balancing].[Journals] ([Id], [Name], [CreationTimestamp]) VALUES (53, NULL, CAST(N'2022-03-04T12:52:46.2143996' AS DateTime2))
GO
INSERT [balancing].[Journals] ([Id], [Name], [CreationTimestamp]) VALUES (54, NULL, CAST(N'2022-03-04T12:52:46.2143996' AS DateTime2))
GO
INSERT [balancing].[Journals] ([Id], [Name], [CreationTimestamp]) VALUES (55, NULL, CAST(N'2022-03-04T12:52:46.2143996' AS DateTime2))
GO
INSERT [balancing].[Journals] ([Id], [Name], [CreationTimestamp]) VALUES (56, NULL, CAST(N'2022-03-04T12:52:46.2143996' AS DateTime2))
GO
INSERT [balancing].[Journals] ([Id], [Name], [CreationTimestamp]) VALUES (57, NULL, CAST(N'2022-03-04T12:52:46.2143996' AS DateTime2))
GO
SET IDENTITY_INSERT [balancing].[Journals] OFF



GO
SET IDENTITY_INSERT [balancing].[Providers] ON 
GO
INSERT [balancing].[Providers] ([Id], [ZoneId], [JournalId], [Enabled], [Name], [ExternalClientId], [IntentItemId], [CreationTimestamp]) VALUES (1, 1, 2, 1, N'PaymentPlanet (885)', 885, 1, CAST(N'2022-03-04T12:48:13.0895673' AS DateTime2))
GO
INSERT [balancing].[Providers] ([Id], [ZoneId], [JournalId], [Enabled], [Name], [ExternalClientId], [IntentItemId], [CreationTimestamp]) VALUES (2, 1, 3, 1, N'PaymentPlanetEUR (8004)', 8004, 1, CAST(N'2022-03-04T12:48:22.3463923' AS DateTime2))
GO
INSERT [balancing].[Providers] ([Id], [ZoneId], [JournalId], [Enabled], [Name], [ExternalClientId], [IntentItemId], [CreationTimestamp]) VALUES (3, 1, 4, 1, N'PaymentPlanet2 (886)', 886, 2, CAST(N'2022-03-04T12:48:42.2130981' AS DateTime2))
GO
INSERT [balancing].[Providers] ([Id], [ZoneId], [JournalId], [Enabled], [Name], [ExternalClientId], [IntentItemId], [CreationTimestamp]) VALUES (4, 1, 25, 1, N'Piastrix (887)', 887, 1, CAST(N'2022-03-04T12:50:08.1927154' AS DateTime2))
GO
INSERT [balancing].[Providers] ([Id], [ZoneId], [JournalId], [Enabled], [Name], [ExternalClientId], [IntentItemId], [CreationTimestamp]) VALUES (5, 1, 26, 1, N'Piastrix2 (888)', 888, 2, CAST(N'2022-03-04T12:50:49.7377585' AS DateTime2))
GO
INSERT [balancing].[Providers] ([Id], [ZoneId], [JournalId], [Enabled], [Name], [ExternalClientId], [IntentItemId], [CreationTimestamp]) VALUES (6, 1, 47, 1, N'Armax2 (8001)', 8001, 2, CAST(N'2022-03-04T12:52:37.8750226' AS DateTime2))
GO
SET IDENTITY_INSERT [balancing].[Providers] OFF

GO
INSERT [balancing].[ProviderCardMasks] ([ProviderId], [CardMaskId]) VALUES (3, 1)
GO
INSERT [balancing].[ProviderCardMasks] ([ProviderId], [CardMaskId]) VALUES (3, 2)
GO
INSERT [balancing].[ProviderCardMasks] ([ProviderId], [CardMaskId]) VALUES (3, 3)
GO
INSERT [balancing].[ProviderCardMasks] ([ProviderId], [CardMaskId]) VALUES (3, 4)



GO
SET IDENTITY_INSERT [balancing].[BalancingSets] ON 
GO
INSERT [balancing].[BalancingSets] ([Id], [ZoneId], [CurrencyId], [IntentId], [ChannelId], [JournalId], [Enabled], [CreationTimestamp]) VALUES (1, 1, 1, 1, 5, 5, 1, CAST(N'2022-03-04T12:48:52.9283554' AS DateTime2))
GO
INSERT [balancing].[BalancingSets] ([Id], [ZoneId], [CurrencyId], [IntentId], [ChannelId], [JournalId], [Enabled], [CreationTimestamp]) VALUES (2, 1, 1, 2, 5, 15, 1, CAST(N'2022-03-04T12:49:27.5961209' AS DateTime2))
GO
INSERT [balancing].[BalancingSets] ([Id], [ZoneId], [CurrencyId], [IntentId], [ChannelId], [JournalId], [Enabled], [CreationTimestamp]) VALUES (3, 1, 1, 1, 49, 27, 1, CAST(N'2022-03-04T12:51:05.8352165' AS DateTime2))
GO
INSERT [balancing].[BalancingSets] ([Id], [ZoneId], [CurrencyId], [IntentId], [ChannelId], [JournalId], [Enabled], [CreationTimestamp]) VALUES (4, 1, 1, 2, 49, 37, 1, CAST(N'2022-03-04T12:51:36.8395395' AS DateTime2))
GO
INSERT [balancing].[BalancingSets] ([Id], [ZoneId], [CurrencyId], [IntentId], [ChannelId], [JournalId], [Enabled], [CreationTimestamp]) VALUES (5, 1, 1, 2, 10, 48, 1, CAST(N'2022-03-04T12:52:46.2193819' AS DateTime2))
GO
SET IDENTITY_INSERT [balancing].[BalancingSets] OFF
GO
INSERT [balancing].[ProviderChannels] ([ChannelItemId], [ProviderId], [CreationTimestamp]) VALUES (5, 1, CAST(N'2022-03-04T12:48:13.1207752' AS DateTime2))
GO
INSERT [balancing].[ProviderChannels] ([ChannelItemId], [ProviderId], [CreationTimestamp]) VALUES (5, 2, CAST(N'2022-03-04T12:48:22.3484060' AS DateTime2))
GO
INSERT [balancing].[ProviderChannels] ([ChannelItemId], [ProviderId], [CreationTimestamp]) VALUES (5, 3, CAST(N'2022-03-04T12:48:42.2480634' AS DateTime2))
GO
INSERT [balancing].[ProviderChannels] ([ChannelItemId], [ProviderId], [CreationTimestamp]) VALUES (10, 6, CAST(N'2022-03-04T12:52:37.8760259' AS DateTime2))
GO
INSERT [balancing].[ProviderChannels] ([ChannelItemId], [ProviderId], [CreationTimestamp]) VALUES (49, 4, CAST(N'2022-03-04T12:50:08.1947241' AS DateTime2))
GO
INSERT [balancing].[ProviderChannels] ([ChannelItemId], [ProviderId], [CreationTimestamp]) VALUES (49, 5, CAST(N'2022-03-04T12:50:49.7387594' AS DateTime2))
GO
SET IDENTITY_INSERT [balancing].[BalancingLevels] ON 
GO
INSERT [balancing].[BalancingLevels] ([Id], [BalancingSetId], [JournalId], [Level], [Enabled], [CreationTimestamp]) VALUES (1, 1, 6, 1, 1, CAST(N'2022-03-04T12:48:52.9473835' AS DateTime2))
GO
INSERT [balancing].[BalancingLevels] ([Id], [BalancingSetId], [JournalId], [Level], [Enabled], [CreationTimestamp]) VALUES (2, 1, 9, 2, 1, CAST(N'2022-03-04T12:48:52.9543422' AS DateTime2))
GO
INSERT [balancing].[BalancingLevels] ([Id], [BalancingSetId], [JournalId], [Level], [Enabled], [CreationTimestamp]) VALUES (3, 1, 12, 3, 1, CAST(N'2022-03-04T12:48:52.9553375' AS DateTime2))
GO
INSERT [balancing].[BalancingLevels] ([Id], [BalancingSetId], [JournalId], [Level], [Enabled], [CreationTimestamp]) VALUES (4, 2, 16, 1, 1, CAST(N'2022-03-04T12:49:27.5981213' AS DateTime2))
GO
INSERT [balancing].[BalancingLevels] ([Id], [BalancingSetId], [JournalId], [Level], [Enabled], [CreationTimestamp]) VALUES (5, 2, 19, 2, 1, CAST(N'2022-03-04T12:49:27.6001290' AS DateTime2))
GO
INSERT [balancing].[BalancingLevels] ([Id], [BalancingSetId], [JournalId], [Level], [Enabled], [CreationTimestamp]) VALUES (6, 2, 22, 3, 1, CAST(N'2022-03-04T12:49:27.6011398' AS DateTime2))
GO
INSERT [balancing].[BalancingLevels] ([Id], [BalancingSetId], [JournalId], [Level], [Enabled], [CreationTimestamp]) VALUES (7, 3, 28, 1, 1, CAST(N'2022-03-04T12:51:05.8372043' AS DateTime2))
GO
INSERT [balancing].[BalancingLevels] ([Id], [BalancingSetId], [JournalId], [Level], [Enabled], [CreationTimestamp]) VALUES (8, 3, 31, 2, 1, CAST(N'2022-03-04T12:51:05.8382059' AS DateTime2))
GO
INSERT [balancing].[BalancingLevels] ([Id], [BalancingSetId], [JournalId], [Level], [Enabled], [CreationTimestamp]) VALUES (9, 3, 34, 3, 1, CAST(N'2022-03-04T12:51:05.8392083' AS DateTime2))
GO
INSERT [balancing].[BalancingLevels] ([Id], [BalancingSetId], [JournalId], [Level], [Enabled], [CreationTimestamp]) VALUES (10, 4, 38, 1, 1, CAST(N'2022-03-04T12:51:36.8405102' AS DateTime2))
GO
INSERT [balancing].[BalancingLevels] ([Id], [BalancingSetId], [JournalId], [Level], [Enabled], [CreationTimestamp]) VALUES (11, 4, 41, 2, 1, CAST(N'2022-03-04T12:51:36.8425130' AS DateTime2))
GO
INSERT [balancing].[BalancingLevels] ([Id], [BalancingSetId], [JournalId], [Level], [Enabled], [CreationTimestamp]) VALUES (12, 4, 44, 3, 1, CAST(N'2022-03-04T12:51:36.8434878' AS DateTime2))
GO
INSERT [balancing].[BalancingLevels] ([Id], [BalancingSetId], [JournalId], [Level], [Enabled], [CreationTimestamp]) VALUES (13, 5, 49, 1, 1, CAST(N'2022-03-04T12:52:46.2203735' AS DateTime2))
GO
INSERT [balancing].[BalancingLevels] ([Id], [BalancingSetId], [JournalId], [Level], [Enabled], [CreationTimestamp]) VALUES (14, 5, 52, 2, 1, CAST(N'2022-03-04T12:52:46.2213734' AS DateTime2))
GO
INSERT [balancing].[BalancingLevels] ([Id], [BalancingSetId], [JournalId], [Level], [Enabled], [CreationTimestamp]) VALUES (15, 5, 55, 3, 1, CAST(N'2022-03-04T12:52:46.2223741' AS DateTime2))
GO
SET IDENTITY_INSERT [balancing].[BalancingLevels] OFF
GO
SET IDENTITY_INSERT [balancing].[BalancingTimeIntervals] ON 
GO
INSERT [balancing].[BalancingTimeIntervals] ([Id], [BalancingSetId], [BalancingLevelId], [JournalId], [From], [To], [CreationTimestamp]) VALUES (1, 1, 1, 8, CAST(N'2022-03-04T00:00:00.0000000' AS DateTime2), NULL, CAST(N'2022-03-04T12:48:52.9673327' AS DateTime2))
GO
INSERT [balancing].[BalancingTimeIntervals] ([Id], [BalancingSetId], [BalancingLevelId], [JournalId], [From], [To], [CreationTimestamp]) VALUES (2, 1, 2, 11, CAST(N'2022-03-04T00:00:00.0000000' AS DateTime2), NULL, CAST(N'2022-03-04T12:48:52.9763195' AS DateTime2))
GO
INSERT [balancing].[BalancingTimeIntervals] ([Id], [BalancingSetId], [BalancingLevelId], [JournalId], [From], [To], [CreationTimestamp]) VALUES (3, 1, 3, 14, CAST(N'2022-03-04T00:00:00.0000000' AS DateTime2), NULL, CAST(N'2022-03-04T12:48:52.9773512' AS DateTime2))
GO
INSERT [balancing].[BalancingTimeIntervals] ([Id], [BalancingSetId], [BalancingLevelId], [JournalId], [From], [To], [CreationTimestamp]) VALUES (4, 2, 4, 18, CAST(N'2022-03-04T00:00:00.0000000' AS DateTime2), NULL, CAST(N'2022-03-04T12:49:27.6021214' AS DateTime2))
GO
INSERT [balancing].[BalancingTimeIntervals] ([Id], [BalancingSetId], [BalancingLevelId], [JournalId], [From], [To], [CreationTimestamp]) VALUES (5, 2, 5, 21, CAST(N'2022-03-04T00:00:00.0000000' AS DateTime2), NULL, CAST(N'2022-03-04T12:49:27.6041197' AS DateTime2))
GO
INSERT [balancing].[BalancingTimeIntervals] ([Id], [BalancingSetId], [BalancingLevelId], [JournalId], [From], [To], [CreationTimestamp]) VALUES (6, 2, 6, 24, CAST(N'2022-03-04T00:00:00.0000000' AS DateTime2), NULL, CAST(N'2022-03-04T12:49:27.6051204' AS DateTime2))
GO
INSERT [balancing].[BalancingTimeIntervals] ([Id], [BalancingSetId], [BalancingLevelId], [JournalId], [From], [To], [CreationTimestamp]) VALUES (7, 3, 7, 30, CAST(N'2022-03-04T00:00:00.0000000' AS DateTime2), NULL, CAST(N'2022-03-04T12:51:05.8412010' AS DateTime2))
GO
INSERT [balancing].[BalancingTimeIntervals] ([Id], [BalancingSetId], [BalancingLevelId], [JournalId], [From], [To], [CreationTimestamp]) VALUES (8, 3, 8, 33, CAST(N'2022-03-04T00:00:00.0000000' AS DateTime2), NULL, CAST(N'2022-03-04T12:51:05.8422119' AS DateTime2))
GO
INSERT [balancing].[BalancingTimeIntervals] ([Id], [BalancingSetId], [BalancingLevelId], [JournalId], [From], [To], [CreationTimestamp]) VALUES (9, 3, 9, 36, CAST(N'2022-03-04T00:00:00.0000000' AS DateTime2), NULL, CAST(N'2022-03-04T12:51:05.8432025' AS DateTime2))
GO
INSERT [balancing].[BalancingTimeIntervals] ([Id], [BalancingSetId], [BalancingLevelId], [JournalId], [From], [To], [CreationTimestamp]) VALUES (10, 4, 10, 40, CAST(N'2022-03-04T00:00:00.0000000' AS DateTime2), NULL, CAST(N'2022-03-04T12:51:36.8445054' AS DateTime2))
GO
INSERT [balancing].[BalancingTimeIntervals] ([Id], [BalancingSetId], [BalancingLevelId], [JournalId], [From], [To], [CreationTimestamp]) VALUES (11, 4, 11, 43, CAST(N'2022-03-04T00:00:00.0000000' AS DateTime2), NULL, CAST(N'2022-03-04T12:51:36.8465092' AS DateTime2))
GO
INSERT [balancing].[BalancingTimeIntervals] ([Id], [BalancingSetId], [BalancingLevelId], [JournalId], [From], [To], [CreationTimestamp]) VALUES (12, 4, 12, 46, CAST(N'2022-03-04T00:00:00.0000000' AS DateTime2), NULL, CAST(N'2022-03-04T12:51:36.8475230' AS DateTime2))
GO
INSERT [balancing].[BalancingTimeIntervals] ([Id], [BalancingSetId], [BalancingLevelId], [JournalId], [From], [To], [CreationTimestamp]) VALUES (13, 5, 13, 51, CAST(N'2022-03-04T00:00:00.0000000' AS DateTime2), NULL, CAST(N'2022-03-04T12:52:46.2233862' AS DateTime2))
GO
INSERT [balancing].[BalancingTimeIntervals] ([Id], [BalancingSetId], [BalancingLevelId], [JournalId], [From], [To], [CreationTimestamp]) VALUES (14, 5, 14, 54, CAST(N'2022-03-04T00:00:00.0000000' AS DateTime2), NULL, CAST(N'2022-03-04T12:52:46.2253711' AS DateTime2))
GO
INSERT [balancing].[BalancingTimeIntervals] ([Id], [BalancingSetId], [BalancingLevelId], [JournalId], [From], [To], [CreationTimestamp]) VALUES (15, 5, 15, 57, CAST(N'2022-03-04T00:00:00.0000000' AS DateTime2), NULL, CAST(N'2022-03-04T12:52:46.2263730' AS DateTime2))
GO
SET IDENTITY_INSERT [balancing].[BalancingTimeIntervals] OFF
GO
SET IDENTITY_INSERT [balancing].[BalancingAmountIntervals] ON 
GO
INSERT [balancing].[BalancingAmountIntervals] ([Id], [BalancingSetId], [TimeIntervalId], [JournalId], [From], [To], [CreationTimestamp]) VALUES (1, 1, 1, 7, 100, NULL, CAST(N'2022-03-04T12:48:52.9843413' AS DateTime2))
GO
INSERT [balancing].[BalancingAmountIntervals] ([Id], [BalancingSetId], [TimeIntervalId], [JournalId], [From], [To], [CreationTimestamp]) VALUES (2, 1, 2, 10, 100, NULL, CAST(N'2022-03-04T12:48:52.9913444' AS DateTime2))
GO
INSERT [balancing].[BalancingAmountIntervals] ([Id], [BalancingSetId], [TimeIntervalId], [JournalId], [From], [To], [CreationTimestamp]) VALUES (3, 1, 3, 13, 100, NULL, CAST(N'2022-03-04T12:48:52.9933434' AS DateTime2))
GO
INSERT [balancing].[BalancingAmountIntervals] ([Id], [BalancingSetId], [TimeIntervalId], [JournalId], [From], [To], [CreationTimestamp]) VALUES (4, 2, 4, 17, 100, NULL, CAST(N'2022-03-04T12:49:27.6061210' AS DateTime2))
GO
INSERT [balancing].[BalancingAmountIntervals] ([Id], [BalancingSetId], [TimeIntervalId], [JournalId], [From], [To], [CreationTimestamp]) VALUES (5, 2, 5, 20, 100, NULL, CAST(N'2022-03-04T12:49:27.6071463' AS DateTime2))
GO
INSERT [balancing].[BalancingAmountIntervals] ([Id], [BalancingSetId], [TimeIntervalId], [JournalId], [From], [To], [CreationTimestamp]) VALUES (6, 2, 6, 23, 100, NULL, CAST(N'2022-03-04T12:49:27.6081401' AS DateTime2))
GO
INSERT [balancing].[BalancingAmountIntervals] ([Id], [BalancingSetId], [TimeIntervalId], [JournalId], [From], [To], [CreationTimestamp]) VALUES (7, 3, 7, 29, 100, NULL, CAST(N'2022-03-04T12:51:05.8452098' AS DateTime2))
GO
INSERT [balancing].[BalancingAmountIntervals] ([Id], [BalancingSetId], [TimeIntervalId], [JournalId], [From], [To], [CreationTimestamp]) VALUES (8, 3, 8, 32, 100, NULL, CAST(N'2022-03-04T12:51:05.8462022' AS DateTime2))
GO
INSERT [balancing].[BalancingAmountIntervals] ([Id], [BalancingSetId], [TimeIntervalId], [JournalId], [From], [To], [CreationTimestamp]) VALUES (9, 3, 9, 35, 100, NULL, CAST(N'2022-03-04T12:51:05.8472009' AS DateTime2))
GO
INSERT [balancing].[BalancingAmountIntervals] ([Id], [BalancingSetId], [TimeIntervalId], [JournalId], [From], [To], [CreationTimestamp]) VALUES (10, 4, 10, 39, 100, NULL, CAST(N'2022-03-04T12:51:36.8484915' AS DateTime2))
GO
INSERT [balancing].[BalancingAmountIntervals] ([Id], [BalancingSetId], [TimeIntervalId], [JournalId], [From], [To], [CreationTimestamp]) VALUES (11, 4, 11, 42, 100, NULL, CAST(N'2022-03-04T12:51:36.8497699' AS DateTime2))
GO
INSERT [balancing].[BalancingAmountIntervals] ([Id], [BalancingSetId], [TimeIntervalId], [JournalId], [From], [To], [CreationTimestamp]) VALUES (12, 4, 12, 45, 100, NULL, CAST(N'2022-03-04T12:51:36.8508477' AS DateTime2))
GO
INSERT [balancing].[BalancingAmountIntervals] ([Id], [BalancingSetId], [TimeIntervalId], [JournalId], [From], [To], [CreationTimestamp]) VALUES (13, 5, 13, 50, 100, NULL, CAST(N'2022-03-04T12:52:46.2273742' AS DateTime2))
GO
INSERT [balancing].[BalancingAmountIntervals] ([Id], [BalancingSetId], [TimeIntervalId], [JournalId], [From], [To], [CreationTimestamp]) VALUES (14, 5, 14, 53, 100, NULL, CAST(N'2022-03-04T12:52:46.2283730' AS DateTime2))
GO
INSERT [balancing].[BalancingAmountIntervals] ([Id], [BalancingSetId], [TimeIntervalId], [JournalId], [From], [To], [CreationTimestamp]) VALUES (15, 5, 15, 56, 100, NULL, CAST(N'2022-03-04T12:52:46.2293731' AS DateTime2))
GO
SET IDENTITY_INSERT [balancing].[BalancingAmountIntervals] OFF
GO
INSERT [balancing].[BalancingProviders] ([BalancingSetId], [ProviderId], [CreationTimestamp]) VALUES (1, 1, CAST(N'2022-03-04T12:48:59.5124904' AS DateTime2))
GO
INSERT [balancing].[BalancingProviders] ([BalancingSetId], [ProviderId], [CreationTimestamp]) VALUES (1, 2, CAST(N'2022-03-04T12:49:03.1318601' AS DateTime2))
GO
INSERT [balancing].[BalancingProviders] ([BalancingSetId], [ProviderId], [CreationTimestamp]) VALUES (2, 3, CAST(N'2022-03-04T12:49:32.0612829' AS DateTime2))
GO
INSERT [balancing].[BalancingProviders] ([BalancingSetId], [ProviderId], [CreationTimestamp]) VALUES (3, 4, CAST(N'2022-03-04T12:51:10.8263775' AS DateTime2))
GO
INSERT [balancing].[BalancingProviders] ([BalancingSetId], [ProviderId], [CreationTimestamp]) VALUES (4, 5, CAST(N'2022-03-04T12:51:41.7138051' AS DateTime2))
GO
INSERT [balancing].[BalancingProviders] ([BalancingSetId], [ProviderId], [CreationTimestamp]) VALUES (5, 6, CAST(N'2022-03-04T12:52:50.0966118' AS DateTime2))
GO
SET IDENTITY_INSERT [balancing].[BalancingWeights] ON 
GO
INSERT [balancing].[BalancingWeights] ([Id], [BalancingSetId], [AmountIntervalId], [ProviderId], [Weight], [Locked], [CreationTimestamp]) VALUES (1, 1, 1, 1, 100, 0, CAST(N'2022-03-04T12:48:59.5375024' AS DateTime2))
GO
INSERT [balancing].[BalancingWeights] ([Id], [BalancingSetId], [AmountIntervalId], [ProviderId], [Weight], [Locked], [CreationTimestamp]) VALUES (2, 1, 2, 1, 100, 0, CAST(N'2022-03-04T12:48:59.5375024' AS DateTime2))
GO
INSERT [balancing].[BalancingWeights] ([Id], [BalancingSetId], [AmountIntervalId], [ProviderId], [Weight], [Locked], [CreationTimestamp]) VALUES (3, 1, 3, 1, 100, 0, CAST(N'2022-03-04T12:48:59.5375024' AS DateTime2))
GO
INSERT [balancing].[BalancingWeights] ([Id], [BalancingSetId], [AmountIntervalId], [ProviderId], [Weight], [Locked], [CreationTimestamp]) VALUES (4, 1, 1, 2, 0, 0, CAST(N'2022-03-04T12:49:03.1318601' AS DateTime2))
GO
INSERT [balancing].[BalancingWeights] ([Id], [BalancingSetId], [AmountIntervalId], [ProviderId], [Weight], [Locked], [CreationTimestamp]) VALUES (5, 1, 2, 2, 0, 0, CAST(N'2022-03-04T12:49:03.1318601' AS DateTime2))
GO
INSERT [balancing].[BalancingWeights] ([Id], [BalancingSetId], [AmountIntervalId], [ProviderId], [Weight], [Locked], [CreationTimestamp]) VALUES (6, 1, 3, 2, 0, 0, CAST(N'2022-03-04T12:49:03.1318601' AS DateTime2))
GO
INSERT [balancing].[BalancingWeights] ([Id], [BalancingSetId], [AmountIntervalId], [ProviderId], [Weight], [Locked], [CreationTimestamp]) VALUES (7, 2, 4, 3, 100, 0, CAST(N'2022-03-04T12:49:32.0612829' AS DateTime2))
GO
INSERT [balancing].[BalancingWeights] ([Id], [BalancingSetId], [AmountIntervalId], [ProviderId], [Weight], [Locked], [CreationTimestamp]) VALUES (8, 2, 5, 3, 100, 0, CAST(N'2022-03-04T12:49:32.0612829' AS DateTime2))
GO
INSERT [balancing].[BalancingWeights] ([Id], [BalancingSetId], [AmountIntervalId], [ProviderId], [Weight], [Locked], [CreationTimestamp]) VALUES (9, 2, 6, 3, 100, 0, CAST(N'2022-03-04T12:49:32.0612829' AS DateTime2))
GO
INSERT [balancing].[BalancingWeights] ([Id], [BalancingSetId], [AmountIntervalId], [ProviderId], [Weight], [Locked], [CreationTimestamp]) VALUES (10, 3, 7, 4, 100, 0, CAST(N'2022-03-04T12:51:10.8273859' AS DateTime2))
GO
INSERT [balancing].[BalancingWeights] ([Id], [BalancingSetId], [AmountIntervalId], [ProviderId], [Weight], [Locked], [CreationTimestamp]) VALUES (11, 3, 8, 4, 100, 0, CAST(N'2022-03-04T12:51:10.8273859' AS DateTime2))
GO
INSERT [balancing].[BalancingWeights] ([Id], [BalancingSetId], [AmountIntervalId], [ProviderId], [Weight], [Locked], [CreationTimestamp]) VALUES (12, 3, 9, 4, 100, 0, CAST(N'2022-03-04T12:51:10.8273859' AS DateTime2))
GO
INSERT [balancing].[BalancingWeights] ([Id], [BalancingSetId], [AmountIntervalId], [ProviderId], [Weight], [Locked], [CreationTimestamp]) VALUES (13, 4, 10, 5, 100, 0, CAST(N'2022-03-04T12:51:41.7138051' AS DateTime2))
GO
INSERT [balancing].[BalancingWeights] ([Id], [BalancingSetId], [AmountIntervalId], [ProviderId], [Weight], [Locked], [CreationTimestamp]) VALUES (14, 4, 11, 5, 100, 0, CAST(N'2022-03-04T12:51:41.7138051' AS DateTime2))
GO
INSERT [balancing].[BalancingWeights] ([Id], [BalancingSetId], [AmountIntervalId], [ProviderId], [Weight], [Locked], [CreationTimestamp]) VALUES (15, 4, 12, 5, 100, 0, CAST(N'2022-03-04T12:51:41.7138051' AS DateTime2))
GO
INSERT [balancing].[BalancingWeights] ([Id], [BalancingSetId], [AmountIntervalId], [ProviderId], [Weight], [Locked], [CreationTimestamp]) VALUES (16, 5, 13, 6, 100, 0, CAST(N'2022-03-04T12:52:50.0966118' AS DateTime2))
GO
INSERT [balancing].[BalancingWeights] ([Id], [BalancingSetId], [AmountIntervalId], [ProviderId], [Weight], [Locked], [CreationTimestamp]) VALUES (17, 5, 14, 6, 100, 0, CAST(N'2022-03-04T12:52:50.0966118' AS DateTime2))
GO
INSERT [balancing].[BalancingWeights] ([Id], [BalancingSetId], [AmountIntervalId], [ProviderId], [Weight], [Locked], [CreationTimestamp]) VALUES (18, 5, 15, 6, 100, 0, CAST(N'2022-03-04T12:52:50.0966118' AS DateTime2))
GO
SET IDENTITY_INSERT [balancing].[BalancingWeights] OFF
GO
